{"stats":{"minecraft:mined":{"minecraft:dark_oak_log":1,"minecraft:tall_grass":2},"minecraft:picked_up":{"minecraft:dark_oak_log":1},"minecraft:killed_by":{"minecraft:zombie":1,"minecraft:drowned":1},"minecraft:used":{"minecraft:dark_oak_log":1},"minecraft:custom":{"minecraft:jump":79,"minecraft:time_since_rest":852,"minecraft:damage_dealt":204,"minecraft:sprint_one_cm":3501,"minecraft:walk_one_cm":14803,"minecraft:walk_on_water_one_cm":741,"minecraft:leave_game":1,"minecraft:play_time":6234,"minecraft:damage_taken":758,"minecraft:time_since_death":795,"minecraft:deaths":3,"minecraft:sneak_time":172,"minecraft:total_world_time":6234,"minecraft:walk_under_water_one_cm":1927,"minecraft:swim_one_cm":2044,"minecraft:fall_one_cm":687,"minecraft:fly_one_cm":3118,"minecraft:crouch_one_cm":340}},"DataVersion":3953}