{"stats":{"minecraft:mined":{"minecraft:acacia_leaves":2,"minecraft:dirt":1,"minecraft:mushroom_stem":3,"minecraft:brown_mushroom_block":5,"minecraft:tall_grass":29,"minecraft:dark_oak_log":1},"minecraft:crafted":{"minecraft:bone_meal":12,"minecraft:white_dye":12},"minecraft:killed_by":{"minecraft:spider":1,"minecraft:zombie":1,"minecraft:drowned":1},"minecraft:picked_up":{"minecraft:bone":4,"minecraft:wheat_seeds":3,"minecraft:ink_sac":2,"minecraft:dark_oak_log":1,"minecraft:dirt":1},"minecraft:used":{"minecraft:dirt":1,"minecraft:dark_oak_log":1},"minecraft:killed":{"minecraft:drowned":1},"minecraft:custom":{"minecraft:time_since_rest":8262,"minecraft:crouch_one_cm":340,"minecraft:play_time":20263,"minecraft:sprint_one_cm":4326,"minecraft:deaths":4,"minecraft:damage_taken":1108,"minecraft:walk_one_cm":63434,"minecraft:sneak_time":172,"minecraft:walk_under_water_one_cm":5628,"minecraft:mob_kills":1,"minecraft:jump":241,"minecraft:damage_dealt":344,"minecraft:leave_game":2,"minecraft:time_since_death":8178,"minecraft:walk_on_water_one_cm":2984,"minecraft:total_world_time":20263,"minecraft:swim_one_cm":2044,"minecraft:fall_one_cm":4278,"minecraft:fly_one_cm":3978,"minecraft:player_kills":1}},"DataVersion":3953}