{"stats":{"minecraft:used":{"minecraft:wooden_axe":18,"minecraft:sweet_berries":6,"minecraft:crafting_table":1},"minecraft:picked_up":{"minecraft:sweet_berries":18,"minecraft:spruce_sapling":3,"minecraft:spruce_log":35},"minecraft:crafted":{"minecraft:crafting_table":1,"minecraft:spruce_planks":112,"minecraft:stick":4,"minecraft:wooden_axe":1},"minecraft:mined":{"minecraft:large_fern":1,"minecraft:sweet_berry_bush":12,"minecraft:spruce_leaves":29,"minecraft:spruce_log":38},"minecraft:killed":{"minecraft:zombie":1},"minecraft:custom":{"minecraft:time_since_rest":12184,"minecraft:crouch_one_cm":2394,"minecraft:play_time":12184,"minecraft:sprint_one_cm":18560,"minecraft:damage_taken":108,"minecraft:walk_one_cm":19471,"minecraft:sneak_time":1715,"minecraft:walk_under_water_one_cm":6389,"minecraft:mob_kills":1,"minecraft:jump":262,"minecraft:damage_dealt":320,"minecraft:walk_on_water_one_cm":4798,"minecraft:leave_game":2,"minecraft:time_since_death":12184,"minecraft:total_world_time":12184,"minecraft:swim_one_cm":20312,"minecraft:interact_with_crafting_table":1,"minecraft:fall_one_cm":5032,"minecraft:fly_one_cm":45841}},"DataVersion":3953}