{"stats":{"minecraft:custom":{"minecraft:jump":203,"minecraft:time_since_rest":6439,"minecraft:leave_game":1,"minecraft:damage_taken":50,"minecraft:sprint_one_cm":13354,"minecraft:play_time":6439,"minecraft:walk_on_water_one_cm":4798,"minecraft:time_since_death":6439,"minecraft:walk_one_cm":8635,"minecraft:sneak_time":126,"minecraft:total_world_time":6439,"minecraft:walk_under_water_one_cm":6389,"minecraft:swim_one_cm":20312,"minecraft:fall_one_cm":5032,"minecraft:fly_one_cm":35737}},"DataVersion":3953}