{"stats":{"minecraft:mined":{"minecraft:iron_ore":12,"minecraft:dark_oak_log":12,"minecraft:andesite":12,"minecraft:crafting_table":1,"minecraft:granite":1,"minecraft:dark_oak_wood":10,"minecraft:coal_ore":15,"minecraft:dirt":11,"minecraft:stone":150,"minecraft:wall_torch":2,"minecraft:diorite":1},"minecraft:crafted":{"minecraft:crafting_table":2,"minecraft:stick":20,"minecraft:iron_pickaxe":2,"minecraft:wooden_pickaxe":1,"minecraft:iron_ingot":12,"minecraft:stone_pickaxe":1,"minecraft:wooden_axe":1,"minecraft:furnace":1,"minecraft:dark_oak_planks":88,"minecraft:torch":12,"minecraft:air":0},"minecraft:picked_up":{"minecraft:raw_iron":12,"minecraft:crafting_table":1,"minecraft:andesite":12,"minecraft:torch":2,"minecraft:diorite":1,"minecraft:dark_oak_log":12,"minecraft:dirt":11,"minecraft:granite":1,"minecraft:dark_oak_wood":10,"minecraft:coal":15,"minecraft:cobblestone":150},"minecraft:used":{"minecraft:wooden_axe":23,"minecraft:stone_pickaxe":43,"minecraft:iron_pickaxe":97,"minecraft:wooden_pickaxe":59,"minecraft:torch":2,"minecraft:dirt":3,"minecraft:crafting_table":2,"minecraft:furnace":1,"minecraft:andesite":4,"minecraft:granite":1},"minecraft:broken":{"minecraft:wooden_pickaxe":1},"minecraft:custom":{"minecraft:time_since_rest":17996,"minecraft:sprint_one_cm":11091,"minecraft:interact_with_furnace":9,"minecraft:walk_one_cm":23055,"minecraft:interact_with_crafting_table":7,"minecraft:swim_one_cm":3798,"minecraft:fly_one_cm":5732,"minecraft:crouch_one_cm":3349,"minecraft:play_time":17996,"minecraft:sneak_time":1510,"minecraft:walk_under_water_one_cm":358,"minecraft:jump":222,"minecraft:walk_on_water_one_cm":1247,"minecraft:time_since_death":17996,"minecraft:total_world_time":17996,"minecraft:fall_one_cm":687}},"DataVersion":3953}