{"stats":{"minecraft:mined":{"minecraft:tuff":4,"minecraft:iron_ore":12,"minecraft:dark_oak_log":12,"minecraft:andesite":22,"minecraft:deepslate_lapis_ore":6,"minecraft:crafting_table":2,"minecraft:granite":5,"minecraft:dark_oak_wood":10,"minecraft:coal_ore":15,"minecraft:dirt":11,"minecraft:stone":173,"minecraft:moss_block":2,"minecraft:deepslate":371,"minecraft:wall_torch":2,"minecraft:diorite":30},"minecraft:crafted":{"minecraft:crafting_table":2,"minecraft:stick":20,"minecraft:iron_pickaxe":3,"minecraft:wooden_pickaxe":1,"minecraft:iron_ingot":12,"minecraft:stone_pickaxe":1,"minecraft:wooden_axe":1,"minecraft:furnace":1,"minecraft:dark_oak_planks":88,"minecraft:torch":12,"minecraft:air":0},"minecraft:picked_up":{"minecraft:raw_iron":12,"minecraft:crafting_table":2,"minecraft:andesite":22,"minecraft:torch":2,"minecraft:tuff":4,"minecraft:diorite":30,"minecraft:lapis_lazuli":43,"minecraft:dark_oak_log":12,"minecraft:dirt":11,"minecraft:cobbled_deepslate":368,"minecraft:granite":5,"minecraft:moss_block":2,"minecraft:dark_oak_wood":10,"minecraft:coal":15,"minecraft:cobblestone":173},"minecraft:used":{"minecraft:wooden_axe":24,"minecraft:diorite":1,"minecraft:stone_pickaxe":131,"minecraft:iron_pickaxe":458,"minecraft:wooden_pickaxe":59,"minecraft:torch":3,"minecraft:dirt":3,"minecraft:cobblestone":24,"minecraft:crafting_table":4,"minecraft:furnace":1,"minecraft:andesite":6,"minecraft:cobbled_deepslate":19,"minecraft:granite":1},"minecraft:broken":{"minecraft:stone_pickaxe":1,"minecraft:wooden_pickaxe":1,"minecraft:iron_pickaxe":1},"minecraft:custom":{"minecraft:time_since_rest":42185,"minecraft:sprint_one_cm":18990,"minecraft:interact_with_furnace":9,"minecraft:damage_taken":20,"minecraft:walk_one_cm":52126,"minecraft:damage_dealt":67,"minecraft:interact_with_crafting_table":8,"minecraft:swim_one_cm":3798,"minecraft:fly_one_cm":8077,"minecraft:crouch_one_cm":11411,"minecraft:play_time":42185,"minecraft:sneak_time":5494,"minecraft:walk_under_water_one_cm":358,"minecraft:jump":288,"minecraft:leave_game":1,"minecraft:walk_on_water_one_cm":1247,"minecraft:time_since_death":42185,"minecraft:total_world_time":42185,"minecraft:fall_one_cm":1171}},"DataVersion":3953}