{"stats":{"minecraft:mined":{"minecraft:tuff":2,"minecraft:iron_ore":12,"minecraft:dark_oak_log":12,"minecraft:andesite":20,"minecraft:deepslate_lapis_ore":6,"minecraft:crafting_table":1,"minecraft:granite":2,"minecraft:dark_oak_wood":10,"minecraft:coal_ore":15,"minecraft:dirt":11,"minecraft:stone":173,"minecraft:moss_block":2,"minecraft:deepslate":157,"minecraft:wall_torch":2,"minecraft:diorite":1},"minecraft:crafted":{"minecraft:crafting_table":2,"minecraft:stick":20,"minecraft:iron_pickaxe":2,"minecraft:wooden_pickaxe":1,"minecraft:iron_ingot":12,"minecraft:stone_pickaxe":1,"minecraft:wooden_axe":1,"minecraft:furnace":1,"minecraft:dark_oak_planks":88,"minecraft:torch":12,"minecraft:air":0},"minecraft:picked_up":{"minecraft:raw_iron":12,"minecraft:crafting_table":1,"minecraft:andesite":20,"minecraft:torch":2,"minecraft:tuff":2,"minecraft:diorite":1,"minecraft:lapis_lazuli":43,"minecraft:dark_oak_log":12,"minecraft:dirt":11,"minecraft:cobbled_deepslate":154,"minecraft:granite":2,"minecraft:moss_block":2,"minecraft:dark_oak_wood":10,"minecraft:coal":15,"minecraft:cobblestone":173},"minecraft:used":{"minecraft:wooden_axe":23,"minecraft:diorite":1,"minecraft:stone_pickaxe":131,"minecraft:iron_pickaxe":208,"minecraft:wooden_pickaxe":59,"minecraft:torch":3,"minecraft:dirt":3,"minecraft:cobblestone":24,"minecraft:crafting_table":2,"minecraft:furnace":1,"minecraft:andesite":6,"minecraft:cobbled_deepslate":13,"minecraft:granite":1},"minecraft:broken":{"minecraft:stone_pickaxe":1,"minecraft:wooden_pickaxe":1},"minecraft:custom":{"minecraft:time_since_rest":29996,"minecraft:sprint_one_cm":12040,"minecraft:interact_with_furnace":9,"minecraft:damage_taken":20,"minecraft:walk_one_cm":31691,"minecraft:damage_dealt":67,"minecraft:interact_with_crafting_table":7,"minecraft:swim_one_cm":3798,"minecraft:fly_one_cm":5800,"minecraft:crouch_one_cm":8742,"minecraft:play_time":29996,"minecraft:sneak_time":4543,"minecraft:walk_under_water_one_cm":358,"minecraft:jump":254,"minecraft:walk_on_water_one_cm":1247,"minecraft:time_since_death":29996,"minecraft:total_world_time":29996,"minecraft:fall_one_cm":1171}},"DataVersion":3953}