{"stats":{"minecraft:mined":{"minecraft:dark_oak_wood":10,"minecraft:coal_ore":12,"minecraft:dirt":11,"minecraft:stone":30,"minecraft:dark_oak_log":3,"minecraft:andesite":4},"minecraft:crafted":{"minecraft:dark_oak_planks":52,"minecraft:torch":12,"minecraft:crafting_table":2,"minecraft:stick":12,"minecraft:stone_pickaxe":1,"minecraft:wooden_pickaxe":1,"minecraft:wooden_axe":1},"minecraft:picked_up":{"minecraft:andesite":4,"minecraft:coal":12,"minecraft:dark_oak_wood":10,"minecraft:dark_oak_log":3,"minecraft:dirt":11,"minecraft:cobblestone":30},"minecraft:used":{"minecraft:wooden_axe":14,"minecraft:dirt":1,"minecraft:crafting_table":2,"minecraft:stone_pickaxe":5,"minecraft:andesite":2,"minecraft:wooden_pickaxe":47},"minecraft:custom":{"minecraft:time_since_rest":5996,"minecraft:crouch_one_cm":732,"minecraft:play_time":5996,"minecraft:sprint_one_cm":2627,"minecraft:walk_one_cm":6662,"minecraft:sneak_time":595,"minecraft:walk_under_water_one_cm":358,"minecraft:jump":51,"minecraft:time_since_death":5996,"minecraft:walk_on_water_one_cm":1247,"minecraft:total_world_time":5996,"minecraft:swim_one_cm":3798,"minecraft:interact_with_crafting_table":2,"minecraft:fall_one_cm":209,"minecraft:fly_one_cm":4018}},"DataVersion":3953}