{"stats":{"minecraft:killed_by":{"minecraft:stray":1,"minecraft:zombie":2},"minecraft:dropped":{"minecraft:rotten_flesh":2},"minecraft:mined":{"minecraft:short_grass":6,"minecraft:grass_block":1},"minecraft:custom":{"minecraft:time_since_rest":1740,"minecraft:crouch_one_cm":996,"minecraft:play_time":16562,"minecraft:sprint_one_cm":10215,"minecraft:deaths":4,"minecraft:damage_taken":886,"minecraft:walk_one_cm":11607,"minecraft:sneak_time":183,"minecraft:mob_kills":2,"minecraft:drop":1,"minecraft:jump":139,"minecraft:damage_dealt":570,"minecraft:leave_game":3,"minecraft:time_since_death":1711,"minecraft:total_world_time":16562,"minecraft:fly_one_cm":95189,"minecraft:fall_one_cm":4152},"minecraft:picked_up":{"minecraft:rotten_flesh":2,"minecraft:snowball":24,"minecraft:dirt":15},"minecraft:killed":{"minecraft:zombie":1,"minecraft:stray":1},"minecraft:used":{"minecraft:dirt":41,"minecraft:snow":3}},"DataVersion":3953}