{"stats":{"minecraft:mined":{"minecraft:large_fern":1,"minecraft:short_grass":1,"minecraft:grass_block":3,"minecraft:dirt":1,"minecraft:tall_grass":112,"minecraft:sugar_cane":9,"minecraft:mangrove_roots":1},"minecraft:killed_by":{"minecraft:zombie":2,"minecraft:player":1},"minecraft:picked_up":{"minecraft:stick":2,"minecraft:bone":11,"minecraft:wheat_seeds":7,"minecraft:mangrove_roots":1,"minecraft:sugar_cane":17,"minecraft:dark_oak_wood":3,"minecraft:mutton":3,"minecraft:white_wool":2,"minecraft:dirt":12},"minecraft:used":{"minecraft:mangrove_leaves":1,"minecraft:dirt":104,"minecraft:mangrove_log":1,"minecraft:mutton":3,"minecraft:mangrove_roots":1,"minecraft:grass_block":50,"minecraft:dark_oak_wood":3},"minecraft:dropped":{"minecraft:bone":11,"minecraft:stick":2},"minecraft:killed":{"minecraft:sheep":2},"minecraft:custom":{"minecraft:time_since_rest":5101,"minecraft:crouch_one_cm":4929,"minecraft:sprint_one_cm":42167,"minecraft:play_time":66932,"minecraft:damage_taken":800,"minecraft:walk_one_cm":81464,"minecraft:deaths":4,"minecraft:sneak_time":1014,"minecraft:walk_under_water_one_cm":8678,"minecraft:mob_kills":3,"minecraft:drop":13,"minecraft:jump":571,"minecraft:damage_dealt":719,"minecraft:leave_game":7,"minecraft:time_since_death":5045,"minecraft:walk_on_water_one_cm":13837,"minecraft:total_world_time":66932,"minecraft:swim_one_cm":14433,"minecraft:fall_one_cm":6323,"minecraft:fly_one_cm":397310}},"DataVersion":3953}