{"stats":{"minecraft:mined":{"minecraft:large_fern":1,"minecraft:short_grass":1,"minecraft:grass_block":3,"minecraft:dirt":1,"minecraft:tall_grass":1},"minecraft:used":{"minecraft:dirt":95,"minecraft:grass_block":16},"minecraft:dropped":{"minecraft:stick":2},"minecraft:custom":{"minecraft:time_since_rest":3758,"minecraft:crouch_one_cm":4546,"minecraft:play_time":18761,"minecraft:sprint_one_cm":3437,"minecraft:walk_one_cm":30034,"minecraft:damage_taken":310,"minecraft:deaths":2,"minecraft:sneak_time":931,"minecraft:walk_under_water_one_cm":650,"minecraft:drop":2,"minecraft:jump":70,"minecraft:damage_dealt":46,"minecraft:leave_game":3,"minecraft:walk_on_water_one_cm":1875,"minecraft:time_since_death":3734,"minecraft:total_world_time":18761,"minecraft:fall_one_cm":311,"minecraft:fly_one_cm":285790},"minecraft:killed_by":{"minecraft:zombie":1},"minecraft:picked_up":{"minecraft:stick":2,"minecraft:dirt":4}},"DataVersion":3953}