{"stats":{"minecraft:killed_by":{"minecraft:stray":1},"minecraft:mined":{"minecraft:short_grass":6,"minecraft:grass_block":1},"minecraft:dropped":{"minecraft:rotten_flesh":2},"minecraft:custom":{"minecraft:jump":78,"minecraft:time_since_rest":919,"minecraft:deaths":1,"minecraft:damage_dealt":561,"minecraft:sprint_one_cm":3860,"minecraft:leave_game":2,"minecraft:play_time":10198,"minecraft:damage_taken":370,"minecraft:time_since_death":888,"minecraft:walk_one_cm":6267,"minecraft:total_world_time":10198,"minecraft:mob_kills":2,"minecraft:drop":1,"minecraft:fall_one_cm":2364,"minecraft:fly_one_cm":8578},"minecraft:picked_up":{"minecraft:rotten_flesh":2,"minecraft:dirt":1},"minecraft:killed":{"minecraft:stray":1,"minecraft:zombie":1},"minecraft:used":{"minecraft:dirt":1}},"DataVersion":3953}