{"stats":{"minecraft:mined":{"minecraft:large_fern":1,"minecraft:short_grass":1,"minecraft:grass_block":3,"minecraft:dirt":1,"minecraft:tall_grass":101,"minecraft:sugar_cane":9},"minecraft:used":{"minecraft:dirt":103,"minecraft:mutton":2,"minecraft:grass_block":16,"minecraft:dark_oak_wood":3},"minecraft:dropped":{"minecraft:stick":2},"minecraft:custom":{"minecraft:time_since_rest":14505,"minecraft:crouch_one_cm":4546,"minecraft:sprint_one_cm":15737,"minecraft:play_time":29508,"minecraft:damage_taken":340,"minecraft:walk_one_cm":47570,"minecraft:deaths":2,"minecraft:sneak_time":935,"minecraft:walk_under_water_one_cm":1366,"minecraft:mob_kills":2,"minecraft:drop":2,"minecraft:jump":266,"minecraft:damage_dealt":236,"minecraft:leave_game":4,"minecraft:walk_on_water_one_cm":4107,"minecraft:time_since_death":14481,"minecraft:total_world_time":29508,"minecraft:swim_one_cm":2345,"minecraft:fall_one_cm":5162,"minecraft:fly_one_cm":321164},"minecraft:killed_by":{"minecraft:zombie":1},"minecraft:killed":{"minecraft:sheep":2},"minecraft:picked_up":{"minecraft:stick":2,"minecraft:wheat_seeds":6,"minecraft:sugar_cane":17,"minecraft:dark_oak_wood":3,"minecraft:mutton":3,"minecraft:white_wool":2,"minecraft:dirt":12}},"DataVersion":3953}