{"stats":{"minecraft:mined":{"minecraft:large_fern":1,"minecraft:short_grass":1,"minecraft:grass_block":3,"minecraft:dirt":1,"minecraft:tall_grass":112,"minecraft:sugar_cane":9,"minecraft:mangrove_roots":1},"minecraft:killed_by":{"minecraft:zombie":2},"minecraft:picked_up":{"minecraft:stick":2,"minecraft:wheat_seeds":7,"minecraft:mangrove_roots":1,"minecraft:sugar_cane":17,"minecraft:dark_oak_wood":3,"minecraft:mutton":3,"minecraft:white_wool":2,"minecraft:dirt":12},"minecraft:used":{"minecraft:mangrove_leaves":1,"minecraft:dirt":104,"minecraft:mangrove_log":1,"minecraft:mutton":3,"minecraft:mangrove_roots":1,"minecraft:grass_block":49,"minecraft:dark_oak_wood":3},"minecraft:dropped":{"minecraft:stick":2},"minecraft:killed":{"minecraft:sheep":2},"minecraft:custom":{"minecraft:time_since_rest":3453,"minecraft:crouch_one_cm":4881,"minecraft:sprint_one_cm":40017,"minecraft:play_time":59236,"minecraft:damage_taken":536,"minecraft:walk_one_cm":74830,"minecraft:deaths":3,"minecraft:sneak_time":987,"minecraft:walk_under_water_one_cm":5680,"minecraft:mob_kills":2,"minecraft:drop":2,"minecraft:jump":545,"minecraft:damage_dealt":484,"minecraft:leave_game":6,"minecraft:time_since_death":3423,"minecraft:walk_on_water_one_cm":11959,"minecraft:total_world_time":59236,"minecraft:swim_one_cm":12296,"minecraft:fall_one_cm":6323,"minecraft:fly_one_cm":392876}},"DataVersion":3953}