{"stats":{"minecraft:mined":{"minecraft:large_fern":1,"minecraft:short_grass":1,"minecraft:grass_block":3,"minecraft:dirt":1,"minecraft:tall_grass":101,"minecraft:mangrove_roots":1,"minecraft:sugar_cane":9},"minecraft:killed_by":{"minecraft:zombie":1},"minecraft:picked_up":{"minecraft:stick":2,"minecraft:wheat_seeds":6,"minecraft:mangrove_roots":1,"minecraft:sugar_cane":17,"minecraft:dark_oak_wood":3,"minecraft:mutton":3,"minecraft:white_wool":2,"minecraft:dirt":12},"minecraft:used":{"minecraft:dirt":104,"minecraft:mutton":3,"minecraft:mangrove_roots":1,"minecraft:grass_block":49,"minecraft:dark_oak_wood":3},"minecraft:dropped":{"minecraft:stick":2},"minecraft:killed":{"minecraft:sheep":2},"minecraft:custom":{"minecraft:time_since_rest":31964,"minecraft:crouch_one_cm":4881,"minecraft:sprint_one_cm":26094,"minecraft:play_time":46967,"minecraft:damage_taken":340,"minecraft:walk_one_cm":62061,"minecraft:deaths":2,"minecraft:sneak_time":980,"minecraft:walk_under_water_one_cm":4100,"minecraft:mob_kills":2,"minecraft:drop":2,"minecraft:jump":387,"minecraft:damage_dealt":428,"minecraft:leave_game":5,"minecraft:walk_on_water_one_cm":9190,"minecraft:time_since_death":31940,"minecraft:total_world_time":46967,"minecraft:swim_one_cm":7749,"minecraft:fall_one_cm":5638,"minecraft:fly_one_cm":343176}},"DataVersion":3953}