{
  "minecraft:recipes/decorations/crafting_table": {
    "criteria": {
      "unlock_right_away": "2024-10-23 17:14:06 +0000"
    },
    "done": true
  },
  "minecraft:adventure/adventuring_time": {
    "criteria": {
      "minecraft:cold_ocean": "2024-10-23 17:16:07 +0000",
      "minecraft:beach": "2024-10-23 17:14:07 +0000",
      "minecraft:dark_forest": "2024-10-23 17:14:36 +0000",
      "minecraft:forest": "2024-10-23 17:19:37 +0000",
      "minecraft:taiga": "2024-10-23 17:16:20 +0000",
      "minecraft:mangrove_swamp": "2024-10-23 17:14:54 +0000",
      "minecraft:river": "2024-10-23 17:14:20 +0000",
      "minecraft:stony_shore": "2024-10-23 17:18:00 +0000",
      "minecraft:deep_cold_ocean": "2024-10-23 17:15:37 +0000",
      "minecraft:jungle": "2024-10-23 17:14:59 +0000",
      "minecraft:swamp": "2024-10-23 17:14:46 +0000",
      "minecraft:savanna": "2024-10-23 17:15:09 +0000",
      "minecraft:bamboo_jungle": "2024-10-23 17:19:43 +0000",
      "minecraft:plains": "2024-10-23 17:18:53 +0000"
    },
    "done": false
  },
  "DataVersion": 3953
}